-- phpMyAdmin SQL Dump
-- version 5.2.0
-- https://www.phpmyadmin.net/
--
-- Хост: localhost
-- Время создания: Фев 03 2023 г., 16:14
-- Версия сервера: 10.4.27-MariaDB
-- Версия PHP: 8.2.0

SET SQL_MODE = "NO_AUTO_VALUE_ON_ZERO";
START TRANSACTION;
SET time_zone = "+00:00";


/*!40101 SET @OLD_CHARACTER_SET_CLIENT=@@CHARACTER_SET_CLIENT */;
/*!40101 SET @OLD_CHARACTER_SET_RESULTS=@@CHARACTER_SET_RESULTS */;
/*!40101 SET @OLD_COLLATION_CONNECTION=@@COLLATION_CONNECTION */;
/*!40101 SET NAMES utf8mb4 */;

--
-- База данных: `demoexam`
--

-- --------------------------------------------------------

--
-- Структура таблицы `clients`
--

CREATE TABLE `clients` (
  `codeClient` int(11) NOT NULL,
  `fio` varchar(100) NOT NULL,
  `passport_data` varchar(100) NOT NULL,
  `birthday` date NOT NULL,
  `address` varchar(100) NOT NULL,
  `email` varchar(100) NOT NULL,
  `password` varchar(100) NOT NULL
) ENGINE=InnoDB DEFAULT CHARSET=utf8 COLLATE=utf8_general_ci;

--
-- Дамп данных таблицы `clients`
--

INSERT INTO `clients` (`codeClient`, `fio`, `passport_data`, `birthday`, `address`, `email`, `password`) VALUES
(45462526, 'Фролов Андрей Иванович', 'Серия 1180 Номер 176596', '2001-07-14', '344288, г. Санкт-Петербург, ул. Чехова, 1, кв. 34', 'gohufreilagrau-3818@yopmail.com', 'cl12345'),
(45462527, 'Николаев Даниил Всеволодович', 'Серия 2280 Номер 223523', '2001-02-10', '614164, г. Санкт-Петербург, ул. Степная, 30, кв. 75', 'xawugosune-1385@yopmail.com', 'cl12346'),
(45462528, 'Снегирев Макар Иванович', 'Серия 4560 Номер 354155', '1998-05-21', '394242, г. Санкт-Петербург, ул. Коммунистическая, 43, кв. 57', 'satrahuddusei-4458@yopmail.com', 'cl12347'),
(45462529, 'Иванов Иван Ильич', 'Серия 9120 Номер 554296', '1998-10-01', '660540, г. Санкт-Петербург, ул. Солнечная, 25, кв. 78', 'boippaxeufrepra-7093@yopmail.com', 'cl12348'),
(45462530, 'Филиппова Анна Глебовна', 'Серия 2367 Номер 558134', '1976-05-31', '125837, г. Санкт-Петербург, ул. Шоссейная, 40, кв. 92', 'zapramaxesu-7741@yopmail.com', 'cl12349'),
(45462531, 'Иванов Михаил Владимирович', 'Серия 7101 Номер 669343', '1985-11-04', '125703, г. Санкт-Петербург, ул. Партизанская, 49, кв. 84', 'rouzecroummegre-3899@yopmail.com', 'cl12350'),
(45462532, 'Власов Дмитрий Александрович', 'Серия 3455 Номер 719630', '1998-08-17', '625283, г. Санкт-Петербург, ул. Победы, 46, кв. 7', 'ziyeuddocrabri-4748@yopmail.com', 'cl12351'),
(45462533, 'Серова Екатерина Львовна', 'Серия 2377 Номер 871623', '1984-10-24', '614611, г. Санкт-Петербург, ул. Молодежная, 50, кв. 78', 'ketameissoinnei-1951@yopmail.com', 'cl12352'),
(45462534, 'Борисова Ирина Ивановна', 'Серия 8755 Номер 921148', '1976-10-14', '454311, г. Санкт-Петербург, ул. Новая, 19, кв. 78', 'yipraubaponou-5849@yopmail.com', 'cl12353'),
(45462535, 'Зайцев Никита Артёмович', 'Серия 4355 Номер 104594', '1999-10-14', '660007, г. Санкт-Петербург, ул. Октябрьская, 19, кв. 42', 'crapedocouca-3572@yopmail.com', 'cl12354'),
(45462536, 'Медведев Святослав Евгеньевич', 'Серия 2791 Номер 114390', '1985-07-13', '603036, г. Санкт-Петербург, ул. Садовая, 4, кв. 13', 'ceigoixakaunni-9227@yopmail.com', 'cl12355'),
(45462537, 'Коротков Кирилл Алексеевич', 'Серия 5582 Номер 126286', '1976-05-26', '450983, г. Санкт-Петербург, ул. Комсомольская, 26, кв. 60', 'yeimmeiwauzomo-7054@yopmail.com', 'cl12356'),
(45462538, 'Калашникова Арина Максимовна', 'Серия 2978 Номер 133653', '1999-08-13', '394782, г. Санкт-Петербург, ул. Чехова, 3, кв. 14', 'poleifenevi-1560@yopmail.com', 'cl12357'),
(45462539, 'Минина Таисия Кирилловна', 'Серия 7512 Номер 141956', '1985-10-13', '603002, г. Санкт-Петербург, ул. Дзержинского, 28, кв. 56', 'kauprezofautei-6607@yopmail.com', 'cl12358'),
(45462540, 'Наумов Серафим Романович', 'Серия 5046 Номер 158433', '1999-04-15', '450558, г. Санкт-Петербург, ул. Набережная, 30, кв. 71', 'quaffaullelourei-1667@yopmail.com', 'cl12359'),
(45462541, 'Воробьева Василиса Евгеньевна', 'Серия 2460 Номер 169505', '1999-01-13', '394060, г. Санкт-Петербург, ул. Фрунзе, 43, кв. 79', 'jsteele@rojas-robinson.net', 'cl12360'),
(45462542, 'Калинин Александр Андреевич', 'Серия 3412 Номер 174593', '1999-01-07', '410661, г. Санкт-Петербург, ул. Школьная, 50, кв. 53', 'vhopkins@lewis-mullen.com', 'cl12361'),
(45462543, 'Кузнецова Милана Владиславовна', 'Серия 4950 Номер 183034', '1999-01-24', '625590, г. Санкт-Петербург, ул. Коммунистическая, 20, кв. 34', 'nlewis@yahoo.com', 'cl12362'),
(45462544, 'Фирсов Егор Романович', 'Серия 5829 Номер 219464', '1993-09-02', '625683, г. Санкт-Петербург, ул. 8 Марта, 20, кв. 21', 'garciadavid@mckinney-mcbride.com', 'cl12363'),
(45462545, 'Зимина Агния Александровна', 'Серия 6443 Номер 208059', '1998-09-03', '400562, г. Санкт-Петербург, ул. Зеленая, 32, кв. 67', 'cbradley@castro.com', 'cl12364'),
(45462546, 'Титов Андрей Глебович', 'Серия 7079 Номер 213265', '1985-10-23', '614510, г. Санкт-Петербург, ул. Маяковского, 47, кв. 72', 'cuevascatherine@carlson.biz', 'cl12365'),
(45462547, 'Орлов Николай Егорович', 'Серия 8207 Номер 522702', '1985-07-27', '410542, г. Санкт-Петербург, ул. Светлая, 46, кв. 82', 'thomasmoore@wilson-singh.net', 'cl12366'),
(45462548, 'Кузнецова Аиша Михайловна', 'Серия 9307 Номер 232158', '1998-10-04', '620839, г. Санкт-Петербург, ул. Цветочная, 8, кв. 100', 'jessica84@hotmail.com', 'cl12367'),
(45462549, 'Куликов Никита Георгиевич', 'Серия 1357 Номер 242839', '1999-04-23', '443890, г. Санкт-Петербург, ул. Коммунистическая, 1, кв. 10', 'jessicapark@hotmail.com', 'cl12368'),
(45462550, 'Карпова София Егоровна', 'Серия 1167 Номер 256636', '1993-10-01', '603379, г. Санкт-Петербург, ул. Спортивная, 46, кв. 95', 'ginaritter@schneider-buchanan.com', 'cl12369'),
(45462551, 'Смирнова Дарья Макаровна', 'Серия 1768 Номер 266986', '1976-03-22', '603721, г. Санкт-Петербург, ул. Гоголя, 41, кв. 57', 'stephen99@yahoo.com', 'cl12370'),
(45462552, 'Абрамова Александра Мироновна', 'Серия 1710 Номер 427875', '1999-03-26', '410172, г. Санкт-Петербург, ул. Северная, 13, кв. 86', 'lopezlisa@hotmail.com', 'cl12371'),
(45462553, 'Наумов Руслан Михайлович', 'Серия 1806 Номер 289145', '1999-10-11', '420151, г. Санкт-Петербург, ул. Вишневая, 32, кв. 81', 'lori17@hotmail.com', 'cl12372'),
(45462554, 'Бочаров Никита Матвеевич', 'Серия 1587 Номер 291249', '1997-06-29', '125061, г. Санкт-Петербург, ул. Подгорная, 8, кв. 74', 'campbellkevin@gardner.com', 'cl12373'),
(45462555, 'Соловьев Давид Ильич', 'Серия 1647 Номер 306372', '1984-03-06', '630370, г. Санкт-Петербург, ул. Шоссейная, 24, кв. 81', 'morganhoward@clark.com', 'cl12374'),
(45462556, 'Васильева Валерия Дмитриевна', 'Серия 1742 Номер 316556', '1999-09-30', '614753, г. Санкт-Петербург, ул. Полевая, 35, кв. 39', 'carsontamara@gmail.com', 'cl12375'),
(45462557, 'Макарова Василиса Андреевна', 'Серия 1474 Номер 326347', '1999-04-08', '426030, г. Санкт-Петербург, ул. Маяковского, 44, кв. 93', 'kevinpatel@gmail.com', 'cl12376'),
(45462558, 'Алексеев Матвей Викторович', 'Серия 1452 Номер 339539', '1998-08-02', '450375, г. Санкт-Петербург, ул. Клубная, 44, кв. 80', 'sethbishop@yahoo.com', 'cl12377'),
(45462559, 'Никитина Полина Александровна', 'Серия 2077 Номер 443480', '1976-09-19', '625560, г. Санкт-Петербург, ул. Некрасова, 12, кв. 66', 'drollins@schultz-soto.net', 'cl12378'),
(45462560, 'Окулова Олеся Алексеевна', 'Серия 2147 Номер 357518', '1999-04-03', '630201, г. Санкт-Петербург, ул. Комсомольская, 17, кв. 25', 'pblack@copeland-winters.org', 'cl12379'),
(45462561, 'Захарова Полина Яновна', 'Серия 2687 Номер 363884', '1976-04-21', '190949, г. Санкт-Петербург, ул. Мичурина, 26, кв. 93', 'johnathon.oberbrunner@yahoo.com', 'cl12380'),
(45462562, 'Зайцев Владимир Давидович', 'Серия 2376 Номер 443711', '1998-01-26', '350501, г. Санкт-Петербург, ул. Парковая, 2, кв. 7', 'bradly29@gmail.com', 'cl12381'),
(45462563, 'Иванов Виталий Даниилович', 'Серия 2568 Номер 386237', '1976-08-11', '450048, г. Санкт-Петербург, ул. Коммунистическая, 21, кв. 3', 'stark.cristina@hilpert.biz', 'cl12382'),
(45462564, 'Захаров Матвей Романович', 'Серия 2556 Номер 439376', '1993-07-12', '644921, г. Санкт-Петербург, ул. Школьная, 46, кв. 37', 'bruen.eleanore@yahoo.com', 'cl12383'),
(45462565, 'Иванов Степан Степанович', 'Серия 2737 Номер 407501', '1998-09-19', '614228, г. Санкт-Петербург, ул. Дорожная, 36, кв. 54', 'percival.halvorson@yahoo.com', 'cl12384'),
(45462566, 'Ткачева Милана Тимуровна', 'Серия 2581 Номер 441645', '1998-05-24', '350940, г. Санкт-Петербург, ул. Первомайская, 23, кв. 2', 'javonte71@kuhlman.biz', 'cl12385'),
(45462567, 'Семенов Даниил Иванович', 'Серия 2675 Номер 427933', '1976-01-04', '344990, г. Санкт-Петербург, ул. Красноармейская, 19, кв. 92', 'vconnelly@kautzer.com', 'cl12386'),
(45462568, 'Виноградов Вячеслав Дмитриевич', 'Серия 2967 Номер 434531', '1976-07-12', '410248, г. Санкт-Петербург, ул. Чкалова, 11, кв. 75', 'anabelle07@schultz.info', 'cl12387'),
(45462569, 'Соболева Николь Фёдоровна', 'Серия 3070 Номер 449655', '1976-05-02', '400839, г. Санкт-Петербург, ул. 8 Марта, 46, кв. 44', 'nitzsche.katlynn@yahoo.com', 'cl12388'),
(45462570, 'Тихонова Анна Львовна', 'Серия 3108 Номер 451174', '1985-03-23', '450539, г. Санкт-Петербург, ул. Заводская, 3, кв. 81', 'corine16@von.com', 'cl12389'),
(45462571, 'Кузнецова Ульяна Савельевна', 'Серия 3250 Номер 464705', '1999-06-03', '614591, г. Санкт-Петербург, ул. Цветочная, 20, кв. 40', 'otha.wisozk@lubowitz.org', 'cl12390'),
(45462572, 'Смирнова Анна Германовна', 'Серия 3392 Номер 471644', '1997-07-18', '400260, г. Санкт-Петербург, ул. Больничная, 30, кв. 53', 'may.kirlin@hotmail.com', 'cl12391'),
(45462573, 'Черепанова Анна Давидовна', 'Серия 3497 Номер 487819', '1985-11-06', '660924, г. Санкт-Петербург, ул. Молодежная, 32, кв. 59', 'bryana.kautzer@yahoo.com', 'cl12392'),
(45462574, 'Григорьев Максим Кириллович', 'Серия 3560 Номер 491260', '1999-05-26', '644133, г. Санкт-Петербург, ул. Гагарина, 28, кв. 69', 'deborah.christiansen@quigley.biz', 'cl12393'),
(45462575, 'Голубев Даниэль Александрович', 'Серия 3620 Номер 506034', '1999-06-14', '450698, г. Санкт-Петербург, ул. Вокзальная, 14, кв. 37', 'connelly.makayla@yahoo.com', 'cl12394'),
(45462576, 'Миронов Юрий Денисович', 'Серия 3774 Номер 511438', '1985-01-26', '620653, г. Санкт-Петербург, ул. Западная, 15, кв. 25', 'tatum.collins@fay.org', 'cl12395'),
(45462577, 'Терехов Михаил Андреевич', 'Серия 3862 Номер 521377', '1976-07-06', '644321, г. Санкт-Петербург, ул. Клубная, 32, кв. 10', 'itzel73@anderson.com', 'cl12396'),
(45462578, 'Орлова Алиса Михайловна', 'Серия 3084 Номер 535966', '1997-02-24', '603653, г. Санкт-Петербург, ул. Молодежная, 2, кв. 45', 'arjun39@hotmail.com', 'cl12397'),
(45462579, 'Кулаков Константин Даниилович', 'Серия 4021 Номер 541528', '1993-06-20', '410181, г. Санкт-Петербург, ул. Механизаторов, 16, кв. 74', 'ohara.rebeka@yahoo.com', 'cl12398'),
(45462580, 'Кудрявцев Максим Романович', 'Серия 4109 Номер 554053', '1998-05-10', '394207, г. Санкт-Петербург, ул. Свердлова, 31, кв. 28', 'danika58@rath.com', 'cl12399'),
(45462581, 'Соболева Кира Фёдоровна', 'Серия 4537 Номер 564868', '1998-03-14', '420633, г. Санкт-Петербург, ул. Матросова, 18, кв. 41', 'janae.bogan@gmail.com', 'cl12400'),
(45462582, 'Коновалов Арсений Максимович', 'Серия 4914 Номер 572471', '1985-02-18', '445720, г. Санкт-Петербург, ул. Матросова, 50, кв. 67', 'vern91@yahoo.com', 'cl12401'),
(45462583, 'Гусев Михаил Дмитриевич', 'Серия 4445 Номер 581302', '1999-11-23', '400646, г. Санкт-Петербург, ул. Октябрьская, 47, кв. 65', 'mariana.leannon@larkin.net', 'cl12402'),
(45462584, 'Суханова Варвара Матвеевна', 'Серия 4743 Номер 598180', '1993-09-13', '644410, г. Санкт-Петербург, ул. Красная, 17, кв. 69', 'vmoore@gmail.com', 'cl12403'),
(45462585, 'Орлова Ясмина Васильевна', 'Серия 4741 Номер 601821', '1984-06-24', '400750, г. Санкт-Петербург, ул. Школьная, 36, кв. 71', 'damon.mcclure@mills.com', 'cl12404'),
(45462586, 'Васильева Ксения Константиновна', 'Серия 4783 Номер 612567', '1999-08-01', '660590, г. Санкт-Петербург, ул. Дачная, 37, кв. 70', 'grady.reilly@block.com', 'cl12405'),
(45462587, 'Борисова Тамара Данииловна', 'Серия 4658 Номер 621200', '1993-05-29', '426083, г. Санкт-Петербург, ул. Механизаторов, 41, кв. 26', 'boyd.koss@yahoo.com', 'cl12406'),
(45462588, 'Дмитриев Мирон Ильич', 'Серия 4908 Номер 634613', '1985-04-13', '410569, г. Санкт-Петербург, ул. Парковая, 36, кв. 17', 'obartell@franecki.info', 'cl12407'),
(45462589, 'Лебедева Анна Александровна', 'Серия 5092 Номер 642468', '1985-03-30', '443375, г. Санкт-Петербург, ул. Дзержинского, 50, кв. 95', 'reina75@ferry.net', 'cl12408'),
(45462590, 'Пономарев Артём Маркович', 'Серия 5155 Номер 465274', '1984-06-02', '614316, г. Санкт-Петербург, ул. Первомайская, 48, кв. 31', 'karson28@hotmail.com', 'cl12409'),
(45462591, 'Борисова Елена Михайловна', 'Серия 5086 Номер 666893', '1976-05-23', '445685, г. Санкт-Петербург, ул. Зеленая, 7, кв. 47', 'damaris61@okon.com', 'cl12410'),
(45462592, 'Моисеев Камиль Максимович', 'Серия 5333 Номер 675375', '1999-06-17', '614505, г. Санкт-Петербург, ул. Нагорная, 37, кв. 31', 'carroll.jerod@hotmail.com', 'cl12411'),
(45462593, 'Герасимова Дарья Константиновна', 'Серия 5493 Номер 684572', '1984-10-13', '426629, г. Санкт-Петербург, ул. Весенняя, 32, кв. 46', 'ron.treutel@quitzon.com', 'cl12412'),
(45462594, 'Михайлова Мария Марковна', 'Серия 5150 Номер 696226', '1976-12-02', '603743, г. Санкт-Петербург, ул. Матросова, 19, кв. 20', 'olen79@yahoo.com', 'cl12413'),
(45462595, 'Коршунов Кирилл Максимович', 'Серия 1308 Номер 703305', '1985-05-22', '450750, г. Санкт-Петербург, ул. Клубная, 23, кв. 90', 'pacocha.robbie@yahoo.com', 'cl12414');

-- --------------------------------------------------------

--
-- Структура таблицы `employees`
--

CREATE TABLE `employees` (
  `idEmployee` int(11) NOT NULL,
  `post` varchar(45) NOT NULL,
  `fio` varchar(100) NOT NULL,
  `login` varchar(100) NOT NULL,
  `password` varchar(100) NOT NULL,
  `last_enter` datetime NOT NULL,
  `status_enter` varchar(45) NOT NULL
) ENGINE=InnoDB DEFAULT CHARSET=utf8 COLLATE=utf8_general_ci;

--
-- Дамп данных таблицы `employees`
--

INSERT INTO `employees` (`idEmployee`, `post`, `fio`, `login`, `password`, `last_enter`, `status_enter`) VALUES
(101, 'Продавец', 'Иванов Иван Иванович', 'Ivanov@namecomp.ru', '2L6KZG', '2022-05-15 13:13:00', 'Успешно'),
(102, 'Продавец', 'Петров Петр Петрович', 'petrov@namecomp.ru', 'uzWC67', '2022-05-15 13:13:00', 'Успешно'),
(103, 'Администратор', 'Федоров Федор Федорович', 'fedorov@namecomp.ru', '8ntwUp', '2022-05-15 13:13:00', 'Успешно'),
(104, 'Старший смены', 'Миронов Вениамин Куприянович', 'mironov@namecomp.ru', 'YOyhfR', '2022-05-15 13:13:00', 'Успешно'),
(105, 'Старший смены', 'Ширяев Ермолай Вениаминович', 'shiryev@namecomp.ru', 'RSbvHv', '2022-05-15 13:13:00', 'Неуспешно'),
(106, 'Старший смены', 'Игнатов Кассиан Васильевич', 'ignatov@namecomp.ru', 'rwVDh9', '2022-05-15 13:13:00', 'Успешно'),
(107, 'Продавец', 'Хохлов Владимир Мэлсович', 'hohlov@namecomp.ru', 'LdNyos', '2022-05-15 13:13:00', 'Успешно'),
(108, 'Продавец', 'Стрелков Мстислав Георгьевич', 'strelkov@namecomp.ru', 'gynQMT', '2022-05-15 13:13:00', 'Неуспешно'),
(109, 'Продавец', 'Беляева Лилия Наумовна', 'belyeva@@namecomp.ru', 'AtnDjr', '2022-05-15 13:13:00', 'Успешно'),
(110, 'Продавец', 'Смирнова Ульяна Гордеевна', 'smirnova@@namecomp.ru', 'JlFRCZ', '2022-05-15 13:13:00', 'Успешно');

-- --------------------------------------------------------

--
-- Структура таблицы `orders`
--

CREATE TABLE `orders` (
  `idOrder` int(11) NOT NULL,
  `code` varchar(100) NOT NULL,
  `date_of_create` date NOT NULL,
  `time_of_create` time NOT NULL,
  `codeClient` int(11) NOT NULL,
  `idServices` varchar(100) NOT NULL,
  `status_of_order` varchar(45) NOT NULL,
  `date_of_close` varchar(45) DEFAULT NULL,
  `time_of_order` varchar(45) NOT NULL
) ENGINE=InnoDB DEFAULT CHARSET=utf8 COLLATE=utf8_general_ci;

--
-- Дамп данных таблицы `orders`
--

INSERT INTO `orders` (`idOrder`, `code`, `date_of_create`, `time_of_create`, `codeClient`, `idServices`, `status_of_order`, `date_of_close`, `time_of_order`) VALUES
(1, '45462526/12.03.2022', '2022-03-12', '09:10:00', 45462526, '34, 31, 353, 336', 'Новая', '', '120 минут'),
(2, '45462527/13.03.2022', '2022-03-13', '10:10:00', 45462527, '98, 45, 89, 99, 123', 'В прокате', '', '600 минут'),
(3, '45462528/14.03.2022', '2022-03-14', '11:10:00', 45462528, '92, 45, 57, 88', 'В прокате', '', '2 часа'),
(4, '45462529/15.03.2022', '2022-03-15', '12:10:00', 45462529, '92, 45, 57, 88, 44', 'Новая', '', '10 часов'),
(5, '45462530/16.03.2022', '2022-03-16', '13:10:00', 45462530, '98, 45, 89, 353, 336, 34', 'Закрыта', '2022-04-16', '320 минут'),
(6, '45462531/17.03.2022', '2022-03-17', '14:10:00', 45462531, '34, 31, 353, 337', 'Новая', '', '480 минут'),
(7, '45462532/18.03.2022', '2022-03-18', '15:10:00', 45462532, '98, 45, 89, 99, 124', 'Новая', '', '4 часа'),
(8, '45462533/19.03.2022', '2022-03-19', '16:10:00', 45462533, '92, 45, 57, 89', 'В прокате', '', '6 часов'),
(9, '45462534/20.03.2022', '2022-03-20', '10:00:00', 45462534, '92, 45, 57, 88, 45', 'В прокате', '', '12 часов'),
(10, '45462535/21.03.2022', '2022-03-21', '11:00:00', 45462535, '98, 45, 89, 353, 336, 35', 'Новая', '', '120 минут'),
(11, '45462536/22.03.2022', '2022-03-22', '12:00:00', 45462536, '34, 31, 353, 338', 'Закрыта', '2022-03-22', '600 минут'),
(12, '45462537/23.03.2022', '2022-03-23', '13:00:00', 45462537, '98, 45, 89, 99, 125', 'В прокате', '', '2 часа'),
(13, '45462538/24.03.2022', '2022-03-24', '14:00:00', 45462538, '92, 45, 57, 90', 'В прокате', '', '10 часов'),
(14, '45462539/25.03.2022', '2022-03-25', '15:00:00', 45462539, '92, 45, 57, 88, 46', 'В прокате', '', '320 минут'),
(15, '45462540/26.03.2022', '2022-03-26', '16:00:00', 45462540, '98, 45, 89, 353, 336, 36', 'Закрыта', '2022-04-26', '480 минут'),
(16, '45462541/27.03.2022', '2022-03-27', '17:00:00', 45462541, '34, 31, 353, 339', 'Новая', '', '4 часа'),
(17, '45462542/28.03.2022', '2022-03-28', '18:00:00', 45462542, '98, 45, 89, 99, 126', 'В прокате', '', '6 часов'),
(18, '45462543/29.03.2022', '2022-03-29', '19:00:00', 45462543, '92, 45, 57, 91', 'В прокате', '', '12 часов'),
(19, '45462544/30.03.2022', '2022-03-30', '12:30:00', 45462544, '92, 45, 57, 88, 47', 'Новая', '', '120 минут'),
(20, '45462545/31.03.2022', '2022-03-31', '13:30:00', 45462545, '98, 45, 89, 353, 336, 37', 'Новая', '', '600 минут'),
(21, '45462546/01.04.2022', '2022-04-01', '14:30:00', 45462546, '34, 31, 353, 340', 'Закрыта', '2022-04-01', '2 часа'),
(22, '45462547/02.04.2022', '2022-04-02', '15:30:00', 45462547, '98, 45, 89, 99, 127', 'Новая', '', '10 часов'),
(23, '45462548/03.04.2022', '2022-04-03', '16:30:00', 45462548, '92, 45, 57, 92', 'Новая', '', '320 минут'),
(24, '45462549/04.04.2022', '2022-04-04', '17:30:00', 45462549, '92, 45, 57, 88, 48', 'В прокате', '', '480 минут'),
(25, '45462550/05.04.2022', '2022-04-05', '18:30:00', 45462550, '98, 45, 89, 353, 336, 38', 'В прокате', '', '4 часа'),
(26, '45462551/06.04.2022', '2022-04-06', '15:30:00', 45462551, '34, 31, 353, 341', 'В прокате', '', '6 часов'),
(27, '45462552/07.04.2022', '2022-04-07', '16:30:00', 45462552, '98, 45, 89, 99, 128', 'В прокате', '', '12 часов'),
(28, '45462553/08.04.2022', '2022-04-08', '17:30:00', 45462553, '92, 45, 57, 93', 'Закрыта', '2022-04-08', '120 минут'),
(29, '45462554/09.04.2022', '2022-04-09', '18:30:00', 45462554, '92, 45, 57, 88, 49', 'Новая', '', '600 минут'),
(30, '45462555/10.04.2022', '2022-04-10', '19:30:00', 45462555, '98, 45, 89, 353, 336, 39', 'В прокате', '', '2 часа'),
(31, '45462556/11.04.2022', '2022-04-11', '10:30:00', 45462556, '34, 31, 353, 342', 'В прокате', '', '10 часов'),
(32, '45462557/12.04.2022', '2022-04-12', '11:30:00', 45462557, '98, 45, 89, 99, 129', 'Новая', '', '320 минут'),
(33, '45462558/13.04.2022', '2022-04-13', '12:30:00', 45462558, '92, 45, 57, 94', 'Новая', '', '480 минут'),
(34, '45462559/14.04.2022', '2022-04-14', '13:30:00', 45462559, '92, 45, 57, 88, 50', 'Новая', '', '4 часа'),
(35, '45462560/15.04.2022', '2022-04-15', '14:30:00', 45462560, '98, 45, 89, 353, 336, 40', 'В прокате', '', '6 часов'),
(36, '45462561/02.04.2022', '2022-04-02', '15:30:00', 45462561, '34, 31, 353, 343', 'В прокате', '', '12 часов'),
(37, '45462562/03.04.2022', '2022-04-03', '16:30:00', 45462562, '98, 45, 89, 99, 130', 'В прокате', '', '120 минут'),
(38, '45462563/04.04.2022', '2022-04-04', '17:30:00', 45462563, '92, 45, 57, 95', 'Закрыта', '2022-04-04', '600 минут'),
(39, '45462564/05.04.2022', '2022-04-05', '10:15:00', 45462564, '92, 45, 57, 88, 51', 'В прокате', '', '2 часа'),
(40, '45462565/06.04.2022', '2022-04-06', '11:15:00', 45462565, '98, 45, 89, 353, 336, 41', 'Новая', '', '10 часов'),
(41, '45462566/07.04.2022', '2022-04-07', '12:15:00', 45462566, '34, 31, 353, 344', 'Закрыта', '2022-04-07', '320 минут'),
(42, '45462567/08.04.2022', '2022-04-08', '13:15:00', 45462567, '98, 45, 89, 99, 131', 'В прокате', '', '480 минут'),
(43, '45462568/09.04.2022', '2022-04-09', '14:15:00', 45462568, '92, 45, 57, 96', 'В прокате', '', '4 часа'),
(44, '45462569/01.04.2022', '2022-04-01', '15:15:00', 45462569, '92, 45, 57, 88, 52', 'В прокате', '', '6 часов'),
(45, '45462570/02.04.2022', '2022-04-02', '16:15:00', 45462570, '98, 45, 89, 353, 336, 42', 'В прокате', '', '12 часов'),
(46, '45462571/03.04.2022', '2022-04-03', '10:45:00', 45462571, '34, 31, 353, 345', 'В прокате', '', '480 минут'),
(47, '45462572/04.04.2022', '2022-04-04', '11:45:00', 45462572, '98, 45, 89, 99, 132', 'Закрыта', '2022-04-04', '320 минут'),
(48, '45462573/05.04.2022', '2022-04-05', '12:45:00', 45462573, '92, 45, 57, 97', 'Новая', '', '480 минут'),
(49, '45462574/06.04.2022', '2022-04-06', '13:45:00', 45462574, '92, 45, 57, 88, 53', 'Новая', '', '4 часа'),
(50, '45462575/07.04.2022', '2022-04-07', '14:45:00', 45462575, '98, 45, 89, 353, 336, 43', 'Новая', '', '6 часов');

-- --------------------------------------------------------

--
-- Структура таблицы `orders_and_services`
--

CREATE TABLE `orders_and_services` (
  `idOrder` int(11) NOT NULL,
  `idService` int(11) NOT NULL
) ENGINE=InnoDB DEFAULT CHARSET=utf8 COLLATE=utf8_general_ci;

-- --------------------------------------------------------

--
-- Структура таблицы `services`
--

CREATE TABLE `services` (
  `idService` int(11) NOT NULL,
  `name` varchar(100) NOT NULL,
  `code` varchar(45) NOT NULL,
  `cost` int(11) NOT NULL
) ENGINE=InnoDB DEFAULT CHARSET=utf8 COLLATE=utf8_general_ci;

--
-- Дамп данных таблицы `services`
--

INSERT INTO `services` (`idService`, `name`, `code`, `cost`) VALUES
(31, 'Прокат сноуборда', 'JUR8R', 1200),
(34, 'Прокат обуви для сноуборда', 'JKFBJ09', 400),
(44, 'Прокат салазок', 'DHBGFY563', 450),
(45, 'Прокат защитных подушек для сноубордистов', 'JFH7382', 300),
(57, 'Подъем на 1 уровень', 'JHVSJF6', 300),
(88, 'Подъем на 2  уровень', 'DJHGBS982', 700),
(89, 'Прокат очков для лыжников', 'OIJNB12', 150),
(92, 'Прокат санок', 'HJBUJE21J', 300),
(98, 'Прокат шлема', '63748HF', 300),
(99, 'Прокат вартушки', 'BSFBHV63', 100),
(123, 'Подъем на 3 уровень', '638VVNQ3', 1200),
(336, 'Прокат лыж', '8HFJHG443', 800),
(353, 'Прокат лыжных палок', '87FDJKHJ', 100);

--
-- Индексы сохранённых таблиц
--

--
-- Индексы таблицы `clients`
--
ALTER TABLE `clients`
  ADD PRIMARY KEY (`codeClient`);

--
-- Индексы таблицы `employees`
--
ALTER TABLE `employees`
  ADD PRIMARY KEY (`idEmployee`);

--
-- Индексы таблицы `orders`
--
ALTER TABLE `orders`
  ADD PRIMARY KEY (`idOrder`),
  ADD KEY `idServices` (`idServices`),
  ADD KEY `codeClient` (`codeClient`);

--
-- Индексы таблицы `orders_and_services`
--
ALTER TABLE `orders_and_services`
  ADD KEY `idOrder` (`idOrder`),
  ADD KEY `idService` (`idService`);

--
-- Индексы таблицы `services`
--
ALTER TABLE `services`
  ADD PRIMARY KEY (`idService`);

--
-- AUTO_INCREMENT для сохранённых таблиц
--

--
-- AUTO_INCREMENT для таблицы `clients`
--
ALTER TABLE `clients`
  MODIFY `codeClient` int(11) NOT NULL AUTO_INCREMENT, AUTO_INCREMENT=45462596;

--
-- AUTO_INCREMENT для таблицы `employees`
--
ALTER TABLE `employees`
  MODIFY `idEmployee` int(11) NOT NULL AUTO_INCREMENT, AUTO_INCREMENT=111;

--
-- AUTO_INCREMENT для таблицы `orders`
--
ALTER TABLE `orders`
  MODIFY `idOrder` int(11) NOT NULL AUTO_INCREMENT, AUTO_INCREMENT=436;

--
-- AUTO_INCREMENT для таблицы `services`
--
ALTER TABLE `services`
  MODIFY `idService` int(11) NOT NULL AUTO_INCREMENT, AUTO_INCREMENT=354;

--
-- Ограничения внешнего ключа сохраненных таблиц
--

--
-- Ограничения внешнего ключа таблицы `orders`
--
ALTER TABLE `orders`
  ADD CONSTRAINT `orders_ibfk_1` FOREIGN KEY (`codeClient`) REFERENCES `clients` (`codeClient`) ON DELETE CASCADE ON UPDATE CASCADE;

--
-- Ограничения внешнего ключа таблицы `orders_and_services`
--
ALTER TABLE `orders_and_services`
  ADD CONSTRAINT `orders_and_services_ibfk_1` FOREIGN KEY (`idOrder`) REFERENCES `orders` (`idOrder`) ON DELETE CASCADE ON UPDATE CASCADE,
  ADD CONSTRAINT `orders_and_services_ibfk_2` FOREIGN KEY (`idService`) REFERENCES `services` (`idService`) ON DELETE CASCADE ON UPDATE CASCADE;
COMMIT;

/*!40101 SET CHARACTER_SET_CLIENT=@OLD_CHARACTER_SET_CLIENT */;
/*!40101 SET CHARACTER_SET_RESULTS=@OLD_CHARACTER_SET_RESULTS */;
/*!40101 SET COLLATION_CONNECTION=@OLD_COLLATION_CONNECTION */;
